ProductLink,Thumbnail_2,Thumbnail_3,Thumbnail_4,Thumbnail_5,Thumbnail_6,Thumbnail_7,Thumbnail_8
https://www.amazon.in/Hitachi-Copper-Filter-Senpai-R32-RAS-B318PCAIBA/dp/B0BQ7CNJMC,"https://m.media-amazon.com/images/I/219NxoYGFfL._SX38_SY50_CR,0,0,38,50_.jpg","https://m.media-amazon.com/images/I/513NcMCoKGL._SX35_SY46._CR0,0,35,46_BG85,85,85_BR-120_PKdp-play-icon-overlay__.jpg","https://m.media-amazon.com/images/I/21-40BxbvkL._SX38_SY50_CR,0,0,38,50_.jpg","https://m.media-amazon.com/images/I/31Cwaj3+lkL._SX38_SY50_CR,0,0,38,50_.jpg","https://m.media-amazon.com/images/I/31N10nhz+QL._SX38_SY50_CR,0,0,38,50_.jpg","https://m.media-amazon.com/images/I/41oxwp+yc9L._SX38_SY50_CR,0,0,38,50_.jpg","https://m.media-amazon.com/images/I/41XKMpQz0uL._SX38_SY50_CR,0,0,38,50_.jpg"
https://www.amazon.in/Hitachi-Xpandable-Inverter-R32-RAS-G518PCAISF-Platinum/dp/B0BTVRSY5L,"https://m.media-amazon.com/images/I/21QK0Zi04XL._SX38_SY50_CR,0,0,38,50_.jpg","https://m.media-amazon.com/images/I/51EInYZSyoL._SX35_SY46._CR0,0,35,46_BG85,85,85_BR-120_PKdp-play-icon-overlay__.jpg","https://m.media-amazon.com/images/I/41Q8QKGRBpL._SX38_SY50_CR,0,0,38,50_.jpg","https://m.media-amazon.com/images/I/41DHZUNFxEL._SX38_SY50_CR,0,0,38,50_.jpg","https://m.media-amazon.com/images/I/310iYGLnB-L._SX38_SY50_CR,0,0,38,50_.jpg","https://m.media-amazon.com/images/I/51woP4sWQ1L._SX38_SY50_CR,0,0,38,50_.jpg","https://m.media-amazon.com/images/I/31T9c3Tl9jL._SX38_SY50_CR,0,0,38,50_.jpg"
https://www.amazon.in/LG-Convertible-Anti-Virus-Protection-TS-Q19JNYE/dp/B0CRDC67TF,"https://m.media-amazon.com/images/I/31DP9vR086L._SX38_SY50_CR,0,0,38,50_.jpg","https://m.media-amazon.com/images/I/51mEjeSmj3L._SX35_SY46._CR0,0,35,46_BG85,85,85_BR-120_PKdp-play-icon-overlay__.jpg","https://m.media-amazon.com/images/I/51TMbeo2+4L._SX38_SY50_CR,0,0,38,50_.jpg","https://m.media-amazon.com/images/I/51yLBOuSIjL._SX38_SY50_CR,0,0,38,50_.jpg","https://m.media-amazon.com/images/I/51HhrJaW8AL._SX38_SY50_CR,0,0,38,50_.jpg","https://m.media-amazon.com/images/I/513IhO3A1oL._SX38_SY50_CR,0,0,38,50_.jpg","https://m.media-amazon.com/images/I/51yypF02HML._SX38_SY50_CR,0,0,38,50_.jpg"
https://www.amazon.in/Lloyd-Inches-Ready-Smart-32HS550E/dp/B0C6VDFCDL,https://m.media-amazon.com/images/I/515uA7oXZML._SL1500_.jpg,"https://m.media-amazon.com/images/I/51+XvezJ0IL.SS40_BG85,85,85_BR-120_PKdp-play-icon-overlay__.jpg",https://m.media-amazon.com/images/I/5130EGmANmL._SL1500_.jpg,https://m.media-amazon.com/images/I/51XbRjBhU1L._SL1500_.jpg,https://m.media-amazon.com/images/I/41kEbM75g+L._SL1500_.jpg,https://m.media-amazon.com/images/I/412pNgHbeLL._SL1500_.jpg,https://m.media-amazon.com/images/G/31/HomeCustomProduct/360_icon_73x73v2._CB485971317_SL1500_FMpng_RI_.png
https://www.amazon.in/LG-Charcoal-Convection-Microwave-MJEN286UFW/dp/B0C8J7GMDY?th=1,"https://m.media-amazon.com/images/I/412c6WUBbWL._SX38_SY50_CR,0,0,38,50_.jpg","https://m.media-amazon.com/images/I/51jhrDBZuyL._SX35_SY46._CR0,0,35,46_BG85,85,85_BR-120_PKdp-play-icon-overlay__.jpg","https://m.media-amazon.com/images/I/41xjR-48kYL._SX38_SY50_CR,0,0,38,50_.jpg","https://m.media-amazon.com/images/I/51TOaCeJMbL._SX38_SY50_CR,0,0,38,50_.jpg","https://m.media-amazon.com/images/I/41D-1DVfZmL._SX38_SY50_CR,0,0,38,50_.jpg","https://m.media-amazon.com/images/I/41b4E0uPuaL._SX38_SY50_CR,0,0,38,50_.jpg","https://m.media-amazon.com/images/G/31/HomeCustomProduct/360_icon_73x73v2._CB485971317_SX38_SY50_CR,0,0,38,50_FMpng_RI_.png"
https://www.amazon.in/Voltas-Beko-RFF295D-W0CWR0I0000GD-Refrigerator/dp/B0D222TVHK,"https://m.media-amazon.com/images/I/51gTIEtxsrL._SX38_SY50_CR,0,0,38,50_.jpg","https://m.media-amazon.com/images/I/51GgygNrj+L._SX38_SY50_CR,0,0,38,50_.jpg","https://m.media-amazon.com/images/I/51aDPzXUoXL._SX38_SY50_CR,0,0,38,50_.jpg","https://m.media-amazon.com/images/I/41K9t5WGDhL._SX38_SY50_CR,0,0,38,50_.jpg","https://m.media-amazon.com/images/I/61amihRgTjL._SX38_SY50_CR,0,0,38,50_.jpg","https://m.media-amazon.com/images/I/51jNSozdPhL._SX38_SY50_CR,0,0,38,50_.jpg","https://m.media-amazon.com/images/I/61enQmH0boL._SX38_SY50_CR,0,0,38,50_.jpg"
https://www.amazon.in/Voltas-320-Freezer-chiller-Convertible/dp/B0BYT4H317,"https://m.media-amazon.com/images/I/31yV39FTU-L._SX38_SY50_CR,0,0,38,50_.jpg","https://m.media-amazon.com/images/I/715oYIVLMuL._SX35_SY46._CR0,0,35,46_BG85,85,85_BR-120_PKdp-play-icon-overlay__.jpg","https://m.media-amazon.com/images/I/41NmyK3YiQL._SX38_SY50_CR,0,0,38,50_.jpg","https://m.media-amazon.com/images/I/41SqodyRiiL._SX38_SY50_CR,0,0,38,50_.jpg","https://m.media-amazon.com/images/I/51LtlBaV2mL._SX38_SY50_CR,0,0,38,50_.jpg","https://m.media-amazon.com/images/I/21fiXL4ETyL._SX38_SY50_CR,0,0,38,50_.jpg","https://m.media-amazon.com/images/I/51AJjS1A9jL._SX38_SY50_CR,0,0,38,50_.jpg"
https://www.amazon.in/Voltas-Double-Freezer-CVF405DA4-P-AL-W1-Convertible/dp/B0D2DMNMXG,"https://m.media-amazon.com/images/I/31lcSjLRlhL._SX38_SY50_CR,0,0,38,50_.jpg","https://m.media-amazon.com/images/I/31gAOkmQmpL._SX38_SY50_CR,0,0,38,50_.jpg","https://m.media-amazon.com/images/I/310MDGPce2L._SX38_SY50_CR,0,0,38,50_.jpg","https://m.media-amazon.com/images/I/31DjGkxPq6L._SX38_SY50_CR,0,0,38,50_.jpg",,,
https://www.amazon.in/Whirlpool-Direct-Cool-Single-Refrigerator-PEONY-Z/dp/B0CGLG8QH3,"https://m.media-amazon.com/images/I/310dPxMWL1L._SX38_SY50_CR,0,0,38,50_.jpg","https://m.media-amazon.com/images/I/31MaBHViMcL._SX38_SY50_CR,0,0,38,50_.jpg","https://m.media-amazon.com/images/I/31+XXC7agpL._SX38_SY50_CR,0,0,38,50_.jpg","https://m.media-amazon.com/images/I/41sqPqxzjRL._SX38_SY50_CR,0,0,38,50_.jpg","https://m.media-amazon.com/images/I/31QpqSfzm0L._SX38_SY50_CR,0,0,38,50_.jpg",,
https://www.amazon.in/Whirlpool-IntelliFresh-INV-ELT-305GD/dp/B0C1GB2JX2,"https://m.media-amazon.com/images/I/31kwXA0VJdL._SX38_SY50_CR,0,0,38,50_.jpg","https://m.media-amazon.com/images/I/41RmjLKazgL._SX35_SY46._CR0,0,35,46_BG85,85,85_BR-120_PKdp-play-icon-overlay__.jpg","https://m.media-amazon.com/images/I/412jS97S2JL._SX38_SY50_CR,0,0,38,50_.jpg","https://m.media-amazon.com/images/I/51IoBGsU1SL._SX38_SY50_CR,0,0,38,50_.jpg","https://m.media-amazon.com/images/I/51grz0wrkGL._SX38_SY50_CR,0,0,38,50_.jpg","https://m.media-amazon.com/images/I/5134sMxNGAL._SX38_SY50_CR,0,0,38,50_.jpg","https://m.media-amazon.com/images/I/41Ng7S7hlML._SX38_SY50_CR,0,0,38,50_.jpg"
https://www.amazon.in/Whirlpool-215-IMPC-SAPPHIRE-MULIA-Z/dp/B0C4Q28QLQ,"https://m.media-amazon.com/images/I/31B+Ij7i8GL._SX38_SY50_CR,0,0,38,50_.jpg","https://m.media-amazon.com/images/I/31PnL0ksb5L._SX38_SY50_CR,0,0,38,50_.jpg","https://m.media-amazon.com/images/I/31fECZiTS6L._SX38_SY50_CR,0,0,38,50_.jpg","https://m.media-amazon.com/images/I/418tpf50-1L._SX38_SY50_CR,0,0,38,50_.jpg","https://m.media-amazon.com/images/I/41eApVIulYL._SX38_SY50_CR,0,0,38,50_.jpg",,
https://www.amazon.in/Whirlpool-IFPRO-INV-CNV-375/dp/B0C1G9ZJTY,"https://m.media-amazon.com/images/I/31edyvbvsbL._SX38_SY50_CR,0,0,38,50_.jpg","https://m.media-amazon.com/images/I/51KU0qQ0idL._SX35_SY46._CR0,0,35,46_BG85,85,85_BR-120_PKdp-play-icon-overlay__.jpg","https://m.media-amazon.com/images/I/51C5CMVF4AL._SX38_SY50_CR,0,0,38,50_.jpg","https://m.media-amazon.com/images/I/51uhk3UAjcL._SX38_SY50_CR,0,0,38,50_.jpg","https://m.media-amazon.com/images/I/41uB8V87pQL._SX38_SY50_CR,0,0,38,50_.jpg","https://m.media-amazon.com/images/I/51wZnqkXmVL._SX38_SY50_CR,0,0,38,50_.jpg","https://m.media-amazon.com/images/I/51JrqTiAlKL._SX38_SY50_CR,0,0,38,50_.jpg"
https://www.amazon.in/Whirlpool-Frost-Free-Refrigerator-PRM-278/dp/B084XN23V7,"https://m.media-amazon.com/images/I/215aK6JqP9L._SX38_SY50_CR,0,0,38,50_.jpg","https://m.media-amazon.com/images/I/61x6wbxdtnL._SX35_SY46._CR0,0,35,46_BG85,85,85_BR-120_PKdp-play-icon-overlay__.jpg","https://m.media-amazon.com/images/I/41KKb4Bs1QS._SX38_SY50_CR,0,0,38,50_.jpg","https://m.media-amazon.com/images/I/31Y2HMCRJnS._SX38_SY50_CR,0,0,38,50_.jpg","https://m.media-amazon.com/images/I/410A3vM3aUL._SX38_SY50_CR,0,0,38,50_.jpg","https://m.media-amazon.com/images/I/31KJ+uZYTXL._SX38_SY50_CR,0,0,38,50_.jpg","https://m.media-amazon.com/images/G/31/HomeCustomProduct/360_icon_73x73v2._CB485971317_SX38_SY50_CR,0,0,38,50_FMpng_RI_.png"
https://www.amazon.in/Whirlpool-260-IMPRO-ALPHA-STEEL/dp/B081S8P788,"https://m.media-amazon.com/images/I/31OvEW8LNzL._SX38_SY50_CR,0,0,38,50_.jpg","https://m.media-amazon.com/images/I/31J6J2t-qzL._SX38_SY50_CR,0,0,38,50_.jpg","https://m.media-amazon.com/images/I/51Q40GKy3oL._SX38_SY50_CR,0,0,38,50_.jpg","https://m.media-amazon.com/images/I/41eAWsm4VDL._SX38_SY50_CR,0,0,38,50_.jpg","https://m.media-amazon.com/images/I/51kIb9wd1QL._SX38_SY50_CR,0,0,38,50_.jpg","https://m.media-amazon.com/images/I/41bljTdHNEL._SX38_SY50_CR,0,0,38,50_.jpg",
https://www.amazon.in/Whirlpool-Refrigerator-263D-Protton-Roy/dp/B078YHT1FR,"https://m.media-amazon.com/images/I/31j9BWAf-TL._SX38_SY50_CR,0,0,38,50_.jpg","https://m.media-amazon.com/images/I/61LrKAWDI+L._SX35_SY46._CR0,0,35,46_BG85,85,85_BR-120_PKdp-play-icon-overlay__.jpg","https://m.media-amazon.com/images/I/41XNyxvkmZL._SX38_SY50_CR,0,0,38,50_.jpg","https://m.media-amazon.com/images/I/31vZ2cmN7WL._SX38_SY50_CR,0,0,38,50_.jpg","https://m.media-amazon.com/images/I/31UmPtBrUcL._SX38_SY50_CR,0,0,38,50_.jpg","https://m.media-amazon.com/images/I/41Wo84vtMYL._SX38_SY50_CR,0,0,38,50_.jpg","https://m.media-amazon.com/images/G/31/HomeCustomProduct/360_icon_73x73v2._CB485971317_SX38_SY50_CR,0,0,38,50_FMpng_RI_.png"
https://www.amazon.in/Whirlpool-Refrigerator-343D-Protton-Roy/dp/B078YJXPCF?th=1,"https://m.media-amazon.com/images/I/312TrAAJhaL._SX38_SY50_CR,0,0,38,50_.jpg","https://m.media-amazon.com/images/I/61LrKAWDI+L._SX35_SY46._CR0,0,35,46_BG85,85,85_BR-120_PKdp-play-icon-overlay__.jpg","https://m.media-amazon.com/images/I/51s1Pld4WTL._SX38_SY50_CR,0,0,38,50_.jpg","https://m.media-amazon.com/images/I/41yV7IMjPKL._SX38_SY50_CR,0,0,38,50_.jpg","https://m.media-amazon.com/images/I/418OH15Qy6L._SX38_SY50_CR,0,0,38,50_.jpg","https://m.media-amazon.com/images/I/41qRd+8+VqL._SX38_SY50_CR,0,0,38,50_.jpg","https://m.media-amazon.com/images/G/31/HomeCustomProduct/360_icon_73x73v2._CB485971317_SX38_SY50_CR,0,0,38,50_FMpng_RI_.png"
https://www.amazon.in/Whirlpool-Inverter-Frost-Free-Refrigerator-INTELLIFRESH/dp/B0C7W5NH7M,"https://m.media-amazon.com/images/I/41sLGTaKNdL._SX38_SY50_CR,0,0,38,50_.jpg","https://m.media-amazon.com/images/I/41rycTHIhML._SX38_SY50_CR,0,0,38,50_.jpg","https://m.media-amazon.com/images/I/41wDTJFvMzL._SX38_SY50_CR,0,0,38,50_.jpg","https://m.media-amazon.com/images/I/41OtPb2wpSL._SX38_SY50_CR,0,0,38,50_.jpg","https://m.media-amazon.com/images/I/41YoL1bvQRL._SX38_SY50_CR,0,0,38,50_.jpg","https://m.media-amazon.com/images/I/41ImxITyJ-L._SX38_SY50_CR,0,0,38,50_.jpg","https://m.media-amazon.com/images/I/31SC7Zipw3L._SX38_SY50_CR,0,0,38,50_.jpg"
https://www.amazon.in/LG-P8035SRAZ-Automatic-Washing-Machine/dp/B09G6528NC,"https://m.media-amazon.com/images/I/41N4MvJDQ6L._SX38_SY50_CR,0,0,38,50_.jpg","https://m.media-amazon.com/images/I/51iZ2SSHFzL._SX35_SY46._CR0,0,35,46_BG85,85,85_BR-120_PKdp-play-icon-overlay__.jpg","https://m.media-amazon.com/images/I/51Oe8j68QiL._SX38_SY50_CR,0,0,38,50_.jpg","https://m.media-amazon.com/images/I/517GWMDWhHL._SX38_SY50_CR,0,0,38,50_.jpg","https://m.media-amazon.com/images/I/41lVy5wwG4L._SX38_SY50_CR,0,0,38,50_.jpg","https://m.media-amazon.com/images/I/41uLgrF-IdL._SX38_SY50_CR,0,0,38,50_.jpg","https://m.media-amazon.com/images/I/31rDb-RtIYL._SX38_SY50_CR,0,0,38,50_.jpg"
https://www.amazon.in/LG-P7020NGAZ-Fully-Automatic-Washing-Machine/dp/B09DD573SY?th=1,"https://m.media-amazon.com/images/I/41lEyYkN4gL._SX38_SY50_CR,0,0,38,50_.jpg","https://m.media-amazon.com/images/I/51CMmoWiDEL._SX35_SY46._CR0,0,35,46_BG85,85,85_BR-120_PKdp-play-icon-overlay__.jpg","https://m.media-amazon.com/images/I/51bfphQ+lQL._SX38_SY50_CR,0,0,38,50_.jpg","https://m.media-amazon.com/images/I/5183nA4JsXL._SX38_SY50_CR,0,0,38,50_.jpg","https://m.media-amazon.com/images/I/41KGOzUuktL._SX38_SY50_CR,0,0,38,50_.jpg","https://m.media-amazon.com/images/I/41-QdZc05yL._SX38_SY50_CR,0,0,38,50_.jpg","https://m.media-amazon.com/images/G/31/HomeCustomProduct/360_icon_73x73v2._CB485971317_SX38_SY50_CR,0,0,38,50_FMpng_RI_.png"
https://www.amazon.in/Voltas-Aqua-Pro-Water-Heater/dp/B0CPWJCL1V,https://m.media-amazon.com/images/I/31NEwXmrOtL._SS100_.jpg,https://m.media-amazon.com/images/I/31sNyMfkWhL._SS100_.jpg,https://m.media-amazon.com/images/I/31HMTg-bY5L._SS100_.jpg,https://m.media-amazon.com/images/I/31Z6Nd9ckzL._SS100_.jpg,https://m.media-amazon.com/images/I/41UgiFjFYLL._SS100_.jpg,,
https://www.amazon.in/LG-Inverter-Automatic-Front-Loading-FHT1415ZTM/dp/B0CLJLWSNP?th=1,"https://m.media-amazon.com/images/I/41ovy-QN-2L._SX38_SY50_CR,0,0,38,50_.jpg","https://m.media-amazon.com/images/I/413HsYJ+jdL._SX35_SY46._CR0,0,35,46_BG85,85,85_BR-120_PKdp-play-icon-overlay__.jpg","https://m.media-amazon.com/images/I/41gEhAH9GHL._SX38_SY50_CR,0,0,38,50_.jpg","https://m.media-amazon.com/images/I/414v+6E8fqL._SX38_SY50_CR,0,0,38,50_.jpg","https://m.media-amazon.com/images/I/41WakD1-c9L._SX38_SY50_CR,0,0,38,50_.jpg","https://m.media-amazon.com/images/I/411qNISSRqL._SX38_SY50_CR,0,0,38,50_.jpg","https://m.media-amazon.com/images/I/51JZG1HQZSL._SX38_SY50_CR,0,0,38,50_.jpg"
https://www.amazon.in/LG-Technology-Semi-Automatic-Loading-washer_dryer_combination/dp/B0CDPPBZC9?th=1,https://m.media-amazon.com/images/I/31bxG-Wwy8L._SS100_.jpg,https://m.media-amazon.com/images/I/917ZwJWgthL.SS125_PKplay-button-mb-image-grid-small_.png,https://m.media-amazon.com/images/I/318eIqC-S8L._SS100_.jpg,https://m.media-amazon.com/images/I/31hoXo6dkEL._SS100_.jpg,https://m.media-amazon.com/images/I/41FZQLGlOQL._SS100_.jpg,https://m.media-amazon.com/images/I/318kp9Lss2L._SS100_.jpg,https://m.media-amazon.com/images/I/31CTRqzQHfL._SS100_.jpg
https://www.amazon.in/Lloyd-Havells-Lloyd-Semi-Automatic-Washing-Glws125Ephvg/dp/B0CT3ZF5TZ,"https://m.media-amazon.com/images/I/41TjfNDaLWL._SX38_SY50_CR,0,0,38,50_.jpg","https://m.media-amazon.com/images/I/91oAdhpZZ7L._SX35_SY46._CR0,0,35,46_BG85,85,85_BR-120_PKdp-play-icon-overlay__.jpg","https://m.media-amazon.com/images/I/410MFHVRTUL._SX38_SY50_CR,0,0,38,50_.jpg","https://m.media-amazon.com/images/I/41nHO59i+8L._SX38_SY50_CR,0,0,38,50_.jpg","https://m.media-amazon.com/images/I/41f-fIuuUVL._SX38_SY50_CR,0,0,38,50_.jpg","https://m.media-amazon.com/images/I/41egI-lllkL._SX38_SY50_CR,0,0,38,50_.jpg","https://m.media-amazon.com/images/I/41bceqHVQ6L._SX38_SY50_CR,0,0,38,50_.jpg"
https://www.amazon.in/Samsung-Fully-Automatic-SmartThings-Connectivity-WW70T502DAB1TL/dp/B0B351B29Z,"https://m.media-amazon.com/images/I/41NEJNLQrCL._SX38_SY50_CR,0,0,38,50_.jpg","https://m.media-amazon.com/images/I/813ZV8Hr1eL._SX35_SY46._CR0,0,35,46_BG85,85,85_BR-120_PKdp-play-icon-overlay__.jpg","https://m.media-amazon.com/images/I/4197ilQZcuL._SX38_SY50_CR,0,0,38,50_.jpg","https://m.media-amazon.com/images/I/41FnZpK+3xL._SX38_SY50_CR,0,0,38,50_.jpg","https://m.media-amazon.com/images/I/41TdHhgVf-L._SX38_SY50_CR,0,0,38,50_.jpg","https://m.media-amazon.com/images/I/31K4bgnVLBL._SX38_SY50_CR,0,0,38,50_.jpg","https://m.media-amazon.com/images/I/41663TmsZwL._SX38_SY50_CR,0,0,38,50_.jpg"
https://www.amazon.in/Samsung-Fully-Automatic-Loading-Washing-WW70T502DAW1TL/dp/B09T6VXXK3,"https://m.media-amazon.com/images/I/51i3-RuEMVL._SX38_SY50_CR,0,0,38,50_.jpg","https://m.media-amazon.com/images/I/813ZV8Hr1eL._SX35_SY46._CR0,0,35,46_BG85,85,85_BR-120_PKdp-play-icon-overlay__.jpg","https://m.media-amazon.com/images/I/413nBsdCYHL._SX38_SY50_CR,0,0,38,50_.jpg","https://m.media-amazon.com/images/I/41LBjmbW5VL._SX38_SY50_CR,0,0,38,50_.jpg","https://m.media-amazon.com/images/I/31MfVF8K5vL._SX38_SY50_CR,0,0,38,50_.jpg","https://m.media-amazon.com/images/I/41agnUJmULL._SX38_SY50_CR,0,0,38,50_.jpg","https://m.media-amazon.com/images/I/41iKuDWwYdL._SX38_SY50_CR,0,0,38,50_.jpg"
https://www.amazon.in/Samsung-Enabled-Inverter-Fully-Automatic-WW70T502DAX1TL/dp/B09QM5V45Q,"https://m.media-amazon.com/images/I/41SjuocekaL._SX38_SY50_CR,0,0,38,50_.jpg","https://m.media-amazon.com/images/I/61Xt4on77WL._SX35_SY46._CR0,0,35,46_BG85,85,85_BR-120_PKdp-play-icon-overlay__.jpg","https://m.media-amazon.com/images/I/41WvM2aJZGL._SX38_SY50_CR,0,0,38,50_.jpg","https://m.media-amazon.com/images/I/410rOfAhuML._SX38_SY50_CR,0,0,38,50_.jpg","https://m.media-amazon.com/images/I/31ktf7IbYWL._SX38_SY50_CR,0,0,38,50_.jpg","https://m.media-amazon.com/images/I/310QI92vc7L._SX38_SY50_CR,0,0,38,50_.jpg","https://m.media-amazon.com/images/I/419N7LHfpfL._SX38_SY50_CR,0,0,38,50_.jpg"
https://www.amazon.in/Voltas-Beko-Fully-Automatic-Loading-WTL65UPGC/dp/B09KH3B41Z,https://m.media-amazon.com/images/I/31P-fZvaFyL._SS100_.jpg,https://m.media-amazon.com/images/I/31qX-gFdbAL._SS100_.jpg,https://m.media-amazon.com/images/I/31pViazPOwL._SS100_.jpg,https://m.media-amazon.com/images/I/41Dw9Dnku6L._SS100_.jpg,https://m.media-amazon.com/images/I/41a2X-1Xv3L._SS100_.jpg,https://m.media-amazon.com/images/I/41oKnM4pf8L._SS100_.jpg,
https://www.amazon.in/Voltas-Beko-Semi-Automatic-Loading-WTT70DBLT/dp/B08D7RF862,"https://m.media-amazon.com/images/I/3111DaPfgKL._SX38_SY50_CR,0,0,38,50_.jpg","https://m.media-amazon.com/images/I/51Guk5wzV4L._SX35_SY46._CR0,0,35,46_BG85,85,85_BR-120_PKdp-play-icon-overlay__.jpg","https://m.media-amazon.com/images/I/41VcQZy5ppL._SX38_SY50_CR,0,0,38,50_.jpg","https://m.media-amazon.com/images/I/41U1vzC156L._SX38_SY50_CR,0,0,38,50_.jpg","https://m.media-amazon.com/images/I/41bFdZPIpmL._SX38_SY50_CR,0,0,38,50_.jpg","https://m.media-amazon.com/images/I/41cSaBzKhOL._SX38_SY50_CR,0,0,38,50_.jpg","https://m.media-amazon.com/images/I/41-J8jLNecL._SX38_SY50_CR,0,0,38,50_.jpg"
https://www.amazon.in/Voltas-Beko-Semi-Automatic-Loading-WTT80DGRT/dp/B08KPGSZF8,"https://m.media-amazon.com/images/I/41APPhZqJyL._SX38_SY50_CR,0,0,38,50_.jpg","https://m.media-amazon.com/images/I/51fekUrosJL._SX35_SY46._CR0,0,35,46_BG85,85,85_BR-120_PKdp-play-icon-overlay__.jpg","https://m.media-amazon.com/images/I/41DmqFQThlL._SX38_SY50_CR,0,0,38,50_.jpg","https://m.media-amazon.com/images/I/41O+qRnjNoL._SX38_SY50_CR,0,0,38,50_.jpg","https://m.media-amazon.com/images/I/41DR3fzRLTL._SX38_SY50_CR,0,0,38,50_.jpg","https://m.media-amazon.com/images/I/41JZDeLK-cL._SX38_SY50_CR,0,0,38,50_.jpg","https://m.media-amazon.com/images/I/41Hx2J3pr+L._SX38_SY50_CR,0,0,38,50_.jpg"
https://www.amazon.in/Whirlpool-8-5-ACE-WINE-DAZZLE/dp/B07WD8SLD5,"https://m.media-amazon.com/images/I/4128pO4+wML._SX38_SY50_CR,0,0,38,50_.jpg","https://m.media-amazon.com/images/I/61QkX0gSZRL._SX35_SY46._CR0,0,35,46_BG85,85,85_BR-120_PKdp-play-icon-overlay__.jpg","https://m.media-amazon.com/images/I/31GSvbJ7+1L._SX38_SY50_CR,0,0,38,50_.jpg","https://m.media-amazon.com/images/I/41YzaAdF6hL._SX38_SY50_CR,0,0,38,50_.jpg","https://m.media-amazon.com/images/I/41-kKkcC4jL._SX38_SY50_CR,0,0,38,50_.jpg","https://m.media-amazon.com/images/I/41pAc3RsKjL._SX38_SY50_CR,0,0,38,50_.jpg","https://m.media-amazon.com/images/I/41j-Hbrg4jL._SX38_SY50_CR,0,0,38,50_.jpg"